,Total_Pop,"Less than $25,000","$25,000 to $49,999","$50,000 to $74,999","$75,000 to $99,999","$100,000 to $149,999","$150,000 or more",ASSET_SIZE,TotalPop_Served_norm,"Less than $25,000_norm","$25,000 to $49,999_norm","$50,000 to $74,999_norm","$75,000 to $99,999_norm","$100,000 to $149,999_norm","$150,000 or more_norm",Total Pop Served
count,291.0,291.0,291.0,291.0,291.0,291.0,291.0,291.0,291.0,291.0,291.0,291.0,291.0,291.0,291.0,291.0
mean,4900.305841924399,248.7594501718213,300.60137457044675,259.4742268041237,180.21993127147766,217.92439862542955,226.23024054982818,57.69334749948453,268.20274914089345,48.013745704467354,41.11340206185567,36.312714776632305,27.848797250859107,40.35395189003437,72.14776632302406,1435.6323024054982
std,5548.564592191784,586.3038319127369,659.0812146058936,570.864657420717,372.30714945110714,443.9217325267494,519.8983639861345,172.0331764594256,2020.1624986173763,323.4195414788724,215.8291570355172,207.37921738519083,195.29049403105424,306.0825364401554,796.4086341650118,2902.668950000634
min,168.0,0.0,0.0,0.0,0.0,0.0,0.0,0.06846614,0.0,0.0,0.0,0.0,0.0,0.0,0.0,0.0
25%,1780.0,16.0,22.5,17.5,10.5,15.5,11.5,3.231201275,18.0,2.0,3.0,2.0,1.0,2.0,1.0,119.0
50%,2810.0,46.0,53.0,50.0,34.0,41.0,42.0,8.45,40.0,5.0,6.0,6.0,3.0,5.0,5.0,297.0
75%,5655.0,167.0,227.0,217.5,143.5,169.0,146.0,30.28492927,77.5,15.0,15.0,13.5,9.5,13.0,13.5,1156.0
max,44300.0,6161.0,5651.0,5545.0,3141.0,3337.0,5190.0,1885.44189589,33068.0,5170.0,3256.0,3135.0,3107.0,4931.0,13467.0,23211.0
