,Total_Pop,"Less than $25,000","$25,000 to $49,999","$50,000 to $74,999","$75,000 to $99,999","$100,000 to $149,999","$150,000 or more",ASSET_SIZE,TotalPop_Served_norm,"Less than $25,000_norm","$25,000 to $49,999_norm","$50,000 to $74,999_norm","$75,000 to $99,999_norm","$100,000 to $149,999_norm","$150,000 or more_norm",Total Pop Served
count,290.0,290.0,290.0,290.0,290.0,290.0,290.0,290.0,290.0,290.0,290.0,290.0,290.0,290.0,290.0,290.0
mean,2618.593103448276,29.851724137931033,35.855172413793106,29.889655172413793,20.50344827586207,26.47241379310345,28.110344827586207,57.69338318051724,41.49655172413793,7.089655172413793,7.186206896551724,5.810344827586207,3.896551724137931,6.4862068965517246,8.944827586206896,173.14137931034483
std,2222.769370558439,47.913294820399,57.96240033026837,49.16311628996773,33.94787866092519,39.44556405434212,51.04297900556976,172.3305546862833,120.70158942818605,21.120651020616332,16.93626816433326,13.90135401604097,13.376746925559448,25.154639024548047,45.346536407503294,240.69857388887738
min,168.0,0.0,0.0,0.0,0.0,0.0,0.0,0.06846614,0.0,0.0,0.0,0.0,0.0,0.0,0.0,0.0
25%,1245.5,7.0,9.25,9.0,5.0,7.0,5.0,3.2256006375,4.25,0.0,0.0,0.0,0.0,0.0,0.0,67.25
50%,2033.0,16.0,19.0,17.0,11.0,14.0,14.0,8.405,13.0,2.0,2.0,2.0,1.0,1.0,1.0,103.5
75%,3172.75,34.0,39.75,30.0,20.0,26.0,28.75,29.592009955,31.75,5.0,6.0,5.0,3.0,4.0,4.0,168.75
max,19638.0,512.0,601.0,571.0,344.0,303.0,485.0,1885.44189589,1440.0,246.0,125.0,120.0,189.0,337.0,694.0,2245.0
