,Total_POP,area_intersec,ASSET_SIZE,Normalized_byArea,Normalized_nonhis,Normalized_white,Normalized_hislat,Total_Pop_Served,Non_Hispan,White,Hispan_Latin
count,291.0,291.0,291.0,291.0,291.0,291.0,291.0,291.0,291.0,291.0,291.0
mean,6459.498281786941,2898851.878412286,57.519619521890036,94.32646048109966,69.62542955326461,57.36082474226804,24.216494845360824,428.93127147766324,277.9965635738832,208.83505154639175,150.42611683848799
std,5444.550842039108,4079088.380955022,172.05871149344838,275.26630357462113,248.89787527543336,216.56692135578868,53.540682592764085,600.5105719171311,417.3132826189687,321.7411900702833,267.0568786214034
min,458.0,7.792232580537684e-09,0.06846614,0.0,0.0,0.0,0.0,0.0,0.0,0.0,0.0
25%,3046.5,1025125.6040076781,3.231201275,11.5,7.5,4.0,1.0,164.0,99.5,63.5,21.5
50%,4861.0,1524257.5935724345,8.36,31.0,19.0,14.0,6.0,247.0,158.0,124.0,69.0
75%,7941.5,2835023.2249996257,29.330774910000002,77.0,45.5,35.5,22.5,450.0,262.0,202.0,160.5
max,44123.0,35164386.96824972,1885.44189589,3663.0,3566.0,3058.0,508.0,5414.0,4028.0,3239.0,2741.0
