,Total_POP_,Not Hisp_1,White; N_1,Hispanic_1,fullarea_race,new_area,area_acre,weight,TotPopNS,NotHisNS,WhiteNS,HispanNS,Norm_byArea,Norm_nonhis,Norm_white,Norm_hislat
count,279.0,279.0,279.0,279.0,279.0,279.0,279.0,279.0,279.0,279.0,279.0,279.0,279.0,279.0,279.0,279.0
mean,1852.4587813620071,1220.021505376344,894.5448028673835,631.8924731182796,18774233.570390698,194133.54872408792,4.456693037743065,0.0154537615952026,14.612903225806452,12.164874551971327,9.824372759856631,2.4336917562724016,7.836854605164528,6.668484979564573,5.52546644214761,1.1633863518344312
std,1216.6786066698164,939.3630205772109,710.495948960358,668.5869797920527,27202147.907802463,1655039.245576726,37.99447303895146,0.09937369384592629,112.22902126545893,95.7940013999354,79.46603261195044,17.00682504738653,125.88237319883429,107.35666272987257,89.22593855793775,18.44713714241454
min,0.0,0.0,0.0,0.0,32938.45283869711,1.1860855574606644e-09,2.7228777719482653e-14,4.305434777533662e-18,0.0,0.0,0.0,0.0,0.0,0.0,0.0,0.0
25%,1059.0,615.0,364.5,151.0,6684016.92947202,0.0001522920111190389,3.496143505946715e-09,1.3388885732037857e-11,0.0,0.0,0.0,0.0,0.0,0.0,0.0,0.0
50%,1582.0,1029.0,790.0,355.0,10103159.994746737,0.0002898299467049949,6.653580043732666e-09,3.1738838512792694e-11,0.0,0.0,0.0,0.0,0.0,0.0,0.0,0.0
75%,2402.0,1526.5,1183.5,926.0,19473220.521748863,0.0007443059027444374,1.7086912367870463e-08,5.764751771485893e-11,0.0,0.0,0.0,0.0,0.0,0.0,0.0,0.0
max,9001.0,7431.0,5423.0,3051.0,275485663.75916743,19935659.18891158,457.6597609942971,1.0,1590.0,1356.0,1127.0,233.0,2102.7217137117855,1793.264555844768,1490.4197304108063,308.1346913804063
