,Total_POP_,Not Hisp_1,White; N_1,Hispanic_1,fullarea_race,new_area,area_acre,weight,TotPopNS,NotHisNS,WhiteNS,HispanNS,Norm_byArea,Norm_nonhis,Norm_white,Norm_hislat
count,482.0,482.0,482.0,482.0,482.0,482.0,482.0,482.0,482.0,482.0,482.0,482.0,482.0,482.0,482.0,482.0
mean,1686.2717842323652,1116.3091286307053,828.7261410788382,569.4336099585062,15488343.522266813,6191859.360265496,142.14553168653575,0.2941527119536889,477.42116182572613,328.1286307053942,240.5746887966805,148.86721991701245,14.997851070041621,11.700801762279493,8.983685399379034,3.1865544006952295
std,1158.773932124753,873.2478065724795,661.2265643000236,617.1965024287045,22934391.04533587,16950445.610989593,389.12868712097315,0.3636465702596081,808.0808293900762,598.9750358795038,437.4813659499536,308.4727232710119,145.27170192914096,125.61484626970923,100.18964227954088,20.033176609683004
min,0.0,0.0,0.0,0.0,638.95671067425,2.2903604524060484e-06,5.2579441056153545e-11,3.0461747448320253e-13,0.0,0.0,0.0,0.0,0.0,0.0,0.0,0.0
25%,976.5,610.5,379.75,138.0,5774398.878772999,0.000684334001396871,1.5710146955851032e-08,7.178968300454031e-11,0.0,0.0,0.0,0.0,0.0,0.0,0.0,0.0
50%,1418.5,971.5,712.0,330.0,8794435.536516681,517974.2356831819,11.891052242497288,0.07483979582968511,97.0,56.0,39.0,20.0,3.643159641671571,2.1813313069350433,1.3823056345115279,0.517945513383637
75%,2101.75,1391.0,1084.75,783.0,14788399.041591968,4851709.449911665,111.37992309255431,0.5513364316872923,681.5,446.25,325.5,164.75,8.057979957858649,5.274532328461495,4.0969976177922085,2.0989728747355993
max,9001.0,7431.0,5423.0,3051.0,275485663.75916743,186417295.775542,4279.552244617585,1.0000000000000002,8248.0,6810.0,4038.0,2353.0,2405.442346917153,2101.8428274033377,1623.8681992456898,308.1346913804063
