,Total_POP_,Not Hisp_1,White; N_1,Hispanic_1,fullarea_race,new_area,area_acre,weight,TotPopNS,NotHisNS,WhiteNS,HispanNS,Norm_byArea,Norm_nonhis,Norm_white,Norm_hislat
count,556.0,556.0,556.0,556.0,556.0,556.0,556.0,556.0,556.0,556.0,556.0,556.0,556.0,556.0,556.0,556.0
mean,1637.7676708079853,1077.233492422718,802.5895693745439,560.5341783852671,14046008.792712543,8606137.666417837,197.56973522538652,0.5439886108187942,899.0645958109815,601.840477815788,445.68551882968626,297.2241179951935,17.958147066426314,13.3030468060049,10.26588679110413,4.655100260421409
std,1115.1691881484032,836.9200284267705,634.5261898016912,617.8903909099112,21688057.863773398,17205036.177797973,394.9732823185944,0.3596863376383294,955.9095109327062,704.943606383938,514.224161160306,415.42414416653355,135.30736289153654,116.97223448040752,93.27860610000718,19.228325448225583
min,0.0,0.0,0.0,0.0,0.0029357869238395215,9.7705389333555e-06,2.243007101321281e-10,7.678265173510916e-12,0.0,0.0,0.0,0.0,0.0,0.0,0.0,0.0
25%,970.7499989471617,600.2500015520935,383.4999994911066,137.51346820973413,4962298.577810713,1091128.0523034802,25.048853358665756,0.20172764775175842,202.3751064420488,111.2823619444554,77.86299507007878,35.39816755202162,4.554331366099807,2.741527992824743,1.8156063597422516,0.6705592580531121
50%,1381.0000001995604,933.9999993943483,696.500000581764,312.5000001406073,7939940.741025101,3558512.064354082,81.69219615137929,0.5405036501212602,620.2318233624273,433.309695596074,299.3149293374645,129.81848244360583,7.553732705882548,4.966276260039791,3.7650483039717586,1.6287271161828025
75%,2057.5321298134013,1346.0000008143293,1048.3846629834143,775.4715736334467,13223833.419402989,8288012.583484776,190.26658823426945,0.9254393070378837,1279.8709454677821,846.130752931208,648.0205309942369,368.0695756278637,11.196091195759605,7.427074696050662,5.868898364535003,3.9823226712471818
max,9001.794525718175,7431.024428881911,5423.267781788784,3365.999995526175,275485663.75916743,186417295.775542,4279.552244617585,1.0000000000000004,8678.474109532497,7164.121879154989,4248.855496558577,2574.6986082473227,2406.772363524586,2102.200445579312,1623.898961073369,308.5505566488917
