,Total_pop_,Totalpop_served,Males_served,Males_served_Under5,Males_served_Under18,Males_served_Over65,Females_served,Females_served_Under5,Females_served_Under18,Females_served_Over65,ASSET_SIZE,Totalpop_served_norm,Males_served_norm,Males_served_Under5_norm,Males_served_Under18_norm,Males_served_Over65_norm,Females_served_norm,Females_served_Under5_norm,Females_served_Under18_norm,Females_served_Over65_norm,Under5_served,Under5_served_norm,Under18_served,Under18_served_norm,Over65_served,Over65_served_norm
count,290.0,290.0,290.0,290.0,290.0,290.0,290.0,290.0,290.0,290.0,290.0,290.0,290.0,290.0,290.0,290.0,290.0,290.0,290.0,290.0,290.0,290.0,290.0,290.0,290.0,290.0
mean,6476.2,430.9689655172414,221.65862068965518,14.044827586206896,45.258620689655174,15.572413793103449,208.77586206896552,12.882758620689655,42.3,19.662068965517243,57.69338318051724,94.6896551724138,48.762068965517244,2.4,8.117241379310345,3.010344827586207,45.43793103448276,2.5448275862068965,8.50344827586207,4.703448275862069,27.420689655172414,5.275862068965517,88.04482758620689,17.048275862068966,35.710344827586205,8.144827586206896
std,5446.489759500702,602.5113610630084,312.1512653645331,23.528118879286808,71.38093150256562,23.358125021800557,292.2350717001763,21.70532549844479,65.1203543727552,26.690257333623066,172.3305546862833,275.6758544182338,134.37290702010316,7.7158893263761765,31.667936137596506,11.77043521750161,142.22991016373996,9.787697461429229,33.649860874261826,26.290399562873063,44.19744453392027,16.59281653827796,135.05467837000003,65.0074609542322,49.27788827899471,37.75920416408586
min,458.0,1.0,0.0,0.0,0.0,0.0,0.0,0.0,0.0,0.0,0.06846614,0.0,0.0,0.0,0.0,0.0,0.0,0.0,0.0,0.0,0.0,0.0,0.0,0.0,0.0,0.0
25%,3090.25,164.0,84.0,2.0,10.0,5.0,77.0,3.0,12.0,5.0,3.2256006375,12.0,6.0,0.0,0.0,0.0,5.0,0.0,0.0,0.0,6.0,0.0,23.5,1.0,11.0,1.0
50%,4891.5,248.0,125.0,7.0,23.5,9.0,122.0,6.0,22.0,11.0,8.405,31.0,15.5,0.0,2.0,1.0,16.0,0.0,2.0,1.0,14.0,1.0,47.0,4.0,21.0,2.0
75%,7944.25,451.0,234.5,17.0,45.75,18.0,220.5,14.0,43.75,23.0,29.592009955,77.5,41.75,1.0,6.0,2.0,36.0,1.0,7.0,3.0,29.0,4.0,87.5,12.0,39.0,6.0
max,44123.0,5414.0,2789.0,189.0,511.0,194.0,2625.0,197.0,545.0,207.0,1885.44189589,3663.0,1723.0,79.0,479.0,168.0,1940.0,142.0,516.0,414.0,386.0,222.0,1033.0,995.0,398.0,582.0
